zip,Zipcode name,City,State,County Name,area
98520,"ABERDEEN, WA",ABERDEEN,WA,GRAYS HARBOR,OY
98220,"ACME, WA",ACME,WA,WHATCOM,SE
99101,"ADDY, WA",ADDY,WA,STEVENS,SP
98522,"ADNA, WA",ADNA,WA,LEWIS,OY
99001,"AIRWAY HEIGHTS, WA",AIRWAY HEIGHTS,WA,SPOKANE,SP
99102,"ALBION, WA",ALBION,WA,WHITMAN,SP
98524,"ALLYN, WA",ALLYN,WA,MASON,OY
99103,"ALMIRA, WA",ALMIRA,WA,LINCOLN,SP
98526,"AMANDA PARK, WA",AMANDA PARK,WA,GRAYS HARBOR,OY
98601,"AMBOY, WA",AMBOY,WA,CLARK,OY
98221,"ANACORTES, WA",ANACORTES,WA,SKAGIT,SE
99401,"ANATONE, WA",ANATONE,WA,ASOTIN,SP
98303,"ANDERSON ISLAND, WA",ANDERSON ISLAND,WA,PIERCE,KG
98602,"APPLETON, WA",APPLETON,WA,KLICKITAT,OY
98811,"ARDENVOIR, WA",ARDENVOIR,WA,CHELAN,SP
98603,"ARIEL, WA",ARIEL,WA,COWLITZ,OY
98223,"ARLINGTON, WA",ARLINGTON,WA,SNOHOMISH,SE
98304,"ASHFORD, WA",ASHFORD,WA,PIERCE,KG
99402,"ASOTIN, WA",ASOTIN,WA,ASOTIN,SP
98001,"AUBURN, WA",AUBURN,WA,KING,SE
98002,"AUBURN, WA",AUBURN,WA,KING,SE
98071,"AUBURN, WA",AUBURN,WA,KING,SE
98092,"AUBURN, WA",AUBURN,WA,KING,SE
98110,"BAINBRIDGE ISLAND, WA",BAINBRIDGE ISLAND,WA,KITSAP,OY
98604,"BATTLE GROUND, WA",BATTLE GROUND,WA,CLARK,OY
98527,"BAY CENTER, WA",BAY CENTER,WA,PACIFIC,OY
98305,"BEAVER, WA",BEAVER,WA,CLALLAM,OY
98528,"BELFAIR, WA",BELFAIR,WA,MASON,OY
98004,"BELLEVUE, WA",BELLEVUE,WA,KING,SE
98005,"BELLEVUE, WA",BELLEVUE,WA,KING,SE
98006,"BELLEVUE, WA",BELLEVUE,WA,KING,SE
98007,"BELLEVUE, WA",BELLEVUE,WA,KING,SE
98008,"BELLEVUE, WA",BELLEVUE,WA,KING,SE
98009,"BELLEVUE, WA",BELLEVUE,WA,KING,SE
98015,"BELLEVUE, WA",BELLEVUE,WA,KING,SE
98225,"BELLINGHAM, WA",BELLINGHAM,WA,WHATCOM,SE
98226,"BELLINGHAM, WA",BELLINGHAM,WA,WHATCOM,SE
98227,"BELLINGHAM, WA",BELLINGHAM,WA,WHATCOM,SE
98228,"BELLINGHAM, WA",BELLINGHAM,WA,WHATCOM,SE
98229,"BELLINGHAM, WA",BELLINGHAM,WA,WHATCOM,SE
99104,"BELMONT, WA",BELMONT,WA,WHITMAN,SP
99320,"BENTON CITY, WA",BENTON CITY,WA,BENTON,OY
99321,"BEVERLY, WA",BEVERLY,WA,GRANT,SP
99322,"BICKLETON, WA",BICKLETON,WA,KLICKITAT,OY
98605,"BINGEN, WA",BINGEN,WA,KLICKITAT,OY
98010,"BLACK DIAMOND, WA",BLACK DIAMOND,WA,KING,SE
98230,"BLAINE, WA",BLAINE,WA,WHATCOM,SE
98231,"BLAINE, WA",BLAINE,WA,WHATCOM,SE
98222,"BLAKELY ISLAND, WA",BLAKELY ISLAND,WA,SAN JUAN,SE
98391,"BONNEY LAKE, WA",BONNEY LAKE,WA,PIERCE,KG
98011,"BOTHELL, WA",BOTHELL,WA,KING,SE
98041,"BOTHELL, WA",BOTHELL,WA,KING,SE
98012,"BOTHELL, WA",BOTHELL,WA,SNOHOMISH,SE
98021,"BOTHELL, WA",BOTHELL,WA,SNOHOMISH,SE
98232,"BOW, WA",BOW,WA,SKAGIT,SE
99107,"BOYDS, WA",BOYDS,WA,FERRY,SP
98310,"BREMERTON, WA",BREMERTON,WA,KITSAP,OY
98311,"BREMERTON, WA",BREMERTON,WA,KITSAP,OY
98312,"BREMERTON, WA",BREMERTON,WA,KITSAP,OY
98314,"BREMERTON, WA",BREMERTON,WA,KITSAP,OY
98337,"BREMERTON, WA",BREMERTON,WA,KITSAP,OY
98812,"BREWSTER, WA",BREWSTER,WA,OKANOGAN,OY
98813,"BRIDGEPORT, WA",BRIDGEPORT,WA,DOUGLAS,SP
98320,"BRINNON, WA",BRINNON,WA,JEFFERSON,OY
98606,"BRUSH PRAIRIE, WA",BRUSH PRAIRIE,WA,CLARK,OY
98321,"BUCKLEY, WA",BUCKLEY,WA,PIERCE,KG
98530,"BUCODA, WA",BUCODA,WA,THURSTON,OY
98921,"BUENA, WA",BUENA,WA,YAKIMA,OY
99323,"BURBANK, WA",BURBANK,WA,WALLA WALLA,SP
98322,"BURLEY, WA",BURLEY,WA,KITSAP,OY
98233,"BURLINGTON, WA",BURLINGTON,WA,SKAGIT,SE
98013,"BURTON, WA",BURTON,WA,KING,SE
98282,"CAMANO ISLAND, WA",CAMANO ISLAND,WA,ISLAND,SE
98607,"CAMAS, WA",CAMAS,WA,CLARK,OY
98430,"CAMP MURRAY, WA",CAMP MURRAY,WA,PIERCE,KG
98323,"CARBONADO, WA",CARBONADO,WA,PIERCE,KG
98324,"CARLSBORG, WA",CARLSBORG,WA,CLALLAM,OY
98814,"CARLTON, WA",CARLTON,WA,OKANOGAN,OY
98014,"CARNATION, WA",CARNATION,WA,KING,SE
98610,"CARSON, WA",CARSON,WA,SKAMANIA,OY
98815,"CASHMERE, WA",CASHMERE,WA,CHELAN,SP
98611,"CASTLE ROCK, WA",CASTLE ROCK,WA,COWLITZ,OY
98612,"CATHLAMET, WA",CATHLAMET,WA,WAHKIAKUM,OY
98613,"CENTERVILLE, WA",CENTERVILLE,WA,KLICKITAT,OY
98531,"CENTRALIA, WA",CENTRALIA,WA,LEWIS,OY
99003,"CHATTAROY, WA",CHATTAROY,WA,SPOKANE,SP
98532,"CHEHALIS, WA",CHEHALIS,WA,LEWIS,OY
98816,"CHELAN, WA",CHELAN,WA,CHELAN,SP
98817,"CHELAN FALLS, WA",CHELAN FALLS,WA,CHELAN,SP
99004,"CHENEY, WA",CHENEY,WA,SPOKANE,SP
99109,"CHEWELAH, WA",CHEWELAH,WA,STEVENS,SP
98325,"CHIMACUM, WA",CHIMACUM,WA,JEFFERSON,OY
98614,"CHINOOK, WA",CHINOOK,WA,PACIFIC,OY
98533,"CINEBAR, WA",CINEBAR,WA,LEWIS,OY
98326,"CLALLAM BAY, WA",CLALLAM BAY,WA,CLALLAM,OY
99403,"CLARKSTON, WA",CLARKSTON,WA,ASOTIN,SP
99110,"CLAYTON, WA",CLAYTON,WA,STEVENS,SP
98922,"CLE ELUM, WA",CLE ELUM,WA,KITTITAS,SP
98235,"CLEARLAKE, WA",CLEARLAKE,WA,SKAGIT,SE
98236,"CLINTON, WA",CLINTON,WA,ISLAND,SE
99005,"COLBERT, WA",COLBERT,WA,SPOKANE,SP
99111,"COLFAX, WA",COLFAX,WA,WHITMAN,SP
99324,"COLLEGE PLACE, WA",COLLEGE PLACE,WA,WALLA WALLA,SP
99113,"COLTON, WA",COLTON,WA,WHITMAN,SP
99114,"COLVILLE, WA",COLVILLE,WA,STEVENS,SP
98819,"CONCONULLY, WA",CONCONULLY,WA,OKANOGAN,OY
98237,"CONCRETE, WA",CONCRETE,WA,SKAGIT,SE
99326,"CONNELL, WA",CONNELL,WA,FRANKLIN,OY
98238,"CONWAY, WA",CONWAY,WA,SKAGIT,SE
98535,"COPALIS BEACH, WA",COPALIS BEACH,WA,GRAYS HARBOR,OY
98536,"COPALIS CROSSING, WA",COPALIS CROSSING,WA,GRAYS HARBOR,OY
98537,"COSMOPOLIS, WA",COSMOPOLIS,WA,GRAYS HARBOR,OY
98616,"COUGAR, WA",COUGAR,WA,COWLITZ,OY
99115,"COULEE CITY, WA",COULEE CITY,WA,GRANT,SP
99116,"COULEE DAM, WA",COULEE DAM,WA,OKANOGAN,OY
98239,"COUPEVILLE, WA",COUPEVILLE,WA,ISLAND,SE
98923,"COWICHE, WA",COWICHE,WA,YAKIMA,OY
99117,"CRESTON, WA",CRESTON,WA,LINCOLN,SP
99118,"CURLEW, WA",CURLEW,WA,FERRY,SP
98538,"CURTIS, WA",CURTIS,WA,LEWIS,OY
99119,"CUSICK, WA",CUSICK,WA,PEND OREILLE,SP
98240,"CUSTER, WA",CUSTER,WA,WHATCOM,SE
98617,"DALLESPORT, WA",DALLESPORT,WA,KLICKITAT,OY
99121,"DANVILLE, WA",DANVILLE,WA,FERRY,SP
98241,"DARRINGTON, WA",DARRINGTON,WA,SNOHOMISH,SE
99122,"DAVENPORT, WA",DAVENPORT,WA,LINCOLN,SP
99328,"DAYTON, WA",DAYTON,WA,COLUMBIA,OY
98243,"DEER HARBOR, WA",DEER HARBOR,WA,SAN JUAN,SE
99006,"DEER PARK, WA",DEER PARK,WA,SPOKANE,SP
98244,"DEMING, WA",DEMING,WA,WHATCOM,SE
99329,"DIXIE, WA",DIXIE,WA,WALLA WALLA,SP
98539,"DOTY, WA",DOTY,WA,LEWIS,OY
98821,"DRYDEN, WA",DRYDEN,WA,CHELAN,SP
98327,"DUPONT, WA",DUPONT,WA,PIERCE,KG
98019,"DUVALL, WA",DUVALL,WA,KING,SE
98540,"EAST OLYMPIA, WA",EAST OLYMPIA,WA,THURSTON,OY
98802,"EAST WENATCHEE, WA",EAST WENATCHEE,WA,DOUGLAS,SP
98925,"EASTON, WA",EASTON,WA,KITTITAS,SP
98245,"EASTSOUND, WA",EASTSOUND,WA,SAN JUAN,SE
98328,"EATONVILLE, WA",EATONVILLE,WA,PIERCE,KG
98020,"EDMONDS, WA",EDMONDS,WA,SNOHOMISH,SE
98026,"EDMONDS, WA",EDMONDS,WA,SNOHOMISH,SE
99008,"EDWALL, WA",EDWALL,WA,LINCOLN,SP
98330,"ELBE, WA",ELBE,WA,PIERCE,KG
99123,"ELECTRIC CITY, WA",ELECTRIC CITY,WA,GRANT,SP
99009,"ELK, WA",ELK,WA,SPOKANE,SP
98926,"ELLENSBURG, WA",ELLENSBURG,WA,KITTITAS,SP
98541,"ELMA, WA",ELMA,WA,GRAYS HARBOR,OY
99124,"ELMER CITY, WA",ELMER CITY,WA,OKANOGAN,OY
99330,"ELTOPIA, WA",ELTOPIA,WA,FRANKLIN,OY
99125,"ENDICOTT, WA",ENDICOTT,WA,WHITMAN,SP
98822,"ENTIAT, WA",ENTIAT,WA,CHELAN,SP
98022,"ENUMCLAW, WA",ENUMCLAW,WA,KING,SE
98823,"EPHRATA, WA",EPHRATA,WA,GRANT,SP
98542,"ETHEL, WA",ETHEL,WA,LEWIS,OY
99126,"EVANS, WA",EVANS,WA,STEVENS,SP
98201,"EVERETT, WA",EVERETT,WA,SNOHOMISH,SE
98203,"EVERETT, WA",EVERETT,WA,SNOHOMISH,SE
98204,"EVERETT, WA",EVERETT,WA,SNOHOMISH,SE
98205,"EVERETT, WA",EVERETT,WA,SNOHOMISH,SE
98206,"EVERETT, WA",EVERETT,WA,SNOHOMISH,SE
98207,"EVERETT, WA",EVERETT,WA,SNOHOMISH,SE
98208,"EVERETT, WA",EVERETT,WA,SNOHOMISH,SE
98213,"EVERETT, WA",EVERETT,WA,SNOHOMISH,SE
98247,"EVERSON, WA",EVERSON,WA,WHATCOM,SE
99011,"FAIRCHILD AIR FORCE BASE, WA",FAIRCHILD AIR FORCE BASE,WA,SPOKANE,SP
99012,"FAIRFIELD, WA",FAIRFIELD,WA,SPOKANE,SP
98024,"FALL CITY, WA",FALL CITY,WA,KING,SE
99128,"FARMINGTON, WA",FARMINGTON,WA,WHITMAN,SP
98003,"FEDERAL WAY, WA",FEDERAL WAY,WA,KING,SE
98023,"FEDERAL WAY, WA",FEDERAL WAY,WA,KING,SE
98063,"FEDERAL WAY, WA",FEDERAL WAY,WA,KING,SE
98093,"FEDERAL WAY, WA",FEDERAL WAY,WA,KING,SE
98248,"FERNDALE, WA",FERNDALE,WA,WHATCOM,SE
99013,"FORD, WA",FORD,WA,STEVENS,SP
98331,"FORKS, WA",FORKS,WA,CLALLAM,OY
99014,"FOUR LAKES, WA",FOUR LAKES,WA,SPOKANE,SP
98333,"FOX ISLAND, WA",FOX ISLAND,WA,PIERCE,KG
98249,"FREELAND, WA",FREELAND,WA,ISLAND,SE
98250,"FRIDAY HARBOR, WA",FRIDAY HARBOR,WA,SAN JUAN,SE
99129,"FRUITLAND, WA",FRUITLAND,WA,STEVENS,SP
99130,"GARFIELD, WA",GARFIELD,WA,WHITMAN,SP
98824,"GEORGE, WA",GEORGE,WA,GRANT,SP
98329,"GIG HARBOR, WA",GIG HARBOR,WA,PIERCE,KG
98332,"GIG HARBOR, WA",GIG HARBOR,WA,PIERCE,KG
98335,"GIG HARBOR, WA",GIG HARBOR,WA,PIERCE,KG
98336,"GLENOMA, WA",GLENOMA,WA,LEWIS,OY
98619,"GLENWOOD, WA",GLENWOOD,WA,KLICKITAT,OY
98251,"GOLD BAR, WA",GOLD BAR,WA,SNOHOMISH,SE
98620,"GOLDENDALE, WA",GOLDENDALE,WA,KLICKITAT,OY
98338,"GRAHAM, WA",GRAHAM,WA,PIERCE,KG
99133,"GRAND COULEE, WA",GRAND COULEE,WA,GRANT,SP
98930,"GRANDVIEW, WA",GRANDVIEW,WA,YAKIMA,OY
98932,"GRANGER, WA",GRANGER,WA,YAKIMA,OY
98252,"GRANITE FALLS, WA",GRANITE FALLS,WA,SNOHOMISH,SE
98546,"GRAPEVIEW, WA",GRAPEVIEW,WA,MASON,OY
98547,"GRAYLAND, WA",GRAYLAND,WA,GRAYS HARBOR,OY
98621,"GRAYS RIVER, WA",GRAYS RIVER,WA,WAHKIAKUM,OY
99016,"GREENACRES, WA",GREENACRES,WA,SPOKANE,SP
98253,"GREENBANK, WA",GREENBANK,WA,ISLAND,SE
98255,"HAMILTON, WA",HAMILTON,WA,SKAGIT,SE
98340,"HANSVILLE, WA",HANSVILLE,WA,KITSAP,OY
98933,"HARRAH, WA",HARRAH,WA,YAKIMA,OY
99134,"HARRINGTON, WA",HARRINGTON,WA,LINCOLN,SP
99135,"HARTLINE, WA",HARTLINE,WA,GRANT,SP
98622,"HEISSON, WA",HEISSON,WA,CLARK,OY
98025,"HOBART, WA",HOBART,WA,KING,SE
98548,"HOODSPORT, WA",HOODSPORT,WA,MASON,OY
98550,"HOQUIAM, WA",HOQUIAM,WA,GRAYS HARBOR,OY
98552,"HUMPTULIPS, WA",HUMPTULIPS,WA,GRAYS HARBOR,OY
99137,"HUNTERS, WA",HUNTERS,WA,STEVENS,SP
98623,"HUSUM, WA",HUSUM,WA,KLICKITAT,OY
98624,"ILWACO, WA",ILWACO,WA,PACIFIC,OY
99138,"INCHELIUM, WA",INCHELIUM,WA,FERRY,SP
98256,"INDEX, WA",INDEX,WA,SNOHOMISH,SE
98342,"INDIANOLA, WA",INDIANOLA,WA,KITSAP,OY
99139,"IONE, WA",IONE,WA,PEND OREILLE,SP
98027,"ISSAQUAH, WA",ISSAQUAH,WA,KING,SE
98029,"ISSAQUAH, WA",ISSAQUAH,WA,KING,SE
98343,"JOYCE, WA",JOYCE,WA,CLALLAM,OY
98625,"KALAMA, WA",KALAMA,WA,COWLITZ,OY
98344,"KAPOWSIN, WA",KAPOWSIN,WA,PIERCE,KG
99140,"KELLER, WA",KELLER,WA,FERRY,SP
98626,"KELSO, WA",KELSO,WA,COWLITZ,OY
98028,"KENMORE, WA",KENMORE,WA,KING,SE
99336,"KENNEWICK, WA",KENNEWICK,WA,BENTON,OY
99337,"KENNEWICK, WA",KENNEWICK,WA,BENTON,OY
99338,"KENNEWICK, WA",KENNEWICK,WA,BENTON,OY
98030,"KENT, WA",KENT,WA,KING,SE
98031,"KENT, WA",KENT,WA,KING,SE
98032,"KENT, WA",KENT,WA,KING,SE
98035,"KENT, WA",KENT,WA,KING,SE
98042,"KENT, WA",KENT,WA,KING,SE
98064,"KENT, WA",KENT,WA,KING,SE
98089,"KENT, WA",KENT,WA,KING,SE
99141,"KETTLE FALLS, WA",KETTLE FALLS,WA,STEVENS,SP
98345,"KEYPORT, WA",KEYPORT,WA,KITSAP,OY
98346,"KINGSTON, WA",KINGSTON,WA,KITSAP,OY
98033,"KIRKLAND, WA",KIRKLAND,WA,KING,SE
98034,"KIRKLAND, WA",KIRKLAND,WA,KING,SE
98083,"KIRKLAND, WA",KIRKLAND,WA,KING,SE
98934,"KITTITAS, WA",KITTITAS,WA,KITTITAS,SP
98628,"KLICKITAT, WA",KLICKITAT,WA,KLICKITAT,OY
98629,"LA CENTER, WA",LA CENTER,WA,CLARK,OY
98257,"LA CONNER, WA",LA CONNER,WA,SKAGIT,SE
98348,"LA GRANDE, WA",LA GRANDE,WA,PIERCE,KG
98350,"LA PUSH, WA",La Push,WA,CLALLAM,OY
98503,"LACEY, WA",LACEY,WA,THURSTON,OY
98509,"LACEY, WA",LACEY,WA,THURSTON,OY
99143,"LACROSSE, WA",LACROSSE,WA,WHITMAN,SP
98258,"LAKE STEVENS, WA",LAKE STEVENS,WA,SNOHOMISH,SE
98349,"LAKEBAY, WA",LAKEBAY,WA,PIERCE,KG
98439,"LAKEWOOD, WA",LAKEWOOD,WA,PIERCE,KG
98496,"LAKEWOOD, WA",LAKEWOOD,WA,PIERCE,KG
98497,"LAKEWOOD, WA",LAKEWOOD,WA,PIERCE,KG
98498,"LAKEWOOD, WA",LAKEWOOD,WA,PIERCE,KG
98499,"LAKEWOOD, WA",LAKEWOOD,WA,PIERCE,KG
99144,"LAMONA, WA",LAMONA,WA,LINCOLN,SP
99017,"LAMONT, WA",LAMONT,WA,WHITMAN,SP
98260,"LANGLEY, WA",LANGLEY,WA,ISLAND,SE
99018,"LATAH, WA",LATAH,WA,SPOKANE,SP
98826,"LEAVENWORTH, WA",LEAVENWORTH,WA,CHELAN,SP
98554,"LEBAM, WA",LEBAM,WA,PACIFIC,OY
99019,"LIBERTY LAKE, WA",LIBERTY LAKE,WA,SPOKANE,SP
98555,"LILLIWAUP, WA",LILLIWAUP,WA,MASON,OY
99147,"LINCOLN, WA",LINCOLN,WA,LINCOLN,SP
99341,"LIND, WA",LIND,WA,ADAMS,SP
98556,"LITTLEROCK, WA",LITTLEROCK,WA,THURSTON,OY
98631,"LONG BEACH, WA",LONG BEACH,WA,PACIFIC,OY
98351,"LONGBRANCH, WA",LONGBRANCH,WA,PIERCE,KG
98397,"LONGMIRE, WA",LONGMIRE,WA,PIERCE,KG
98632,"LONGVIEW, WA",LONGVIEW,WA,COWLITZ,OY
98827,"LOOMIS, WA",LOOMIS,WA,OKANOGAN,OY
99148,"LOON LAKE, WA",LOON LAKE,WA,STEVENS,SP
98261,"LOPEZ ISLAND, WA",LOPEZ ISLAND,WA,SAN JUAN,SE
98262,"LUMMI ISLAND, WA",LUMMI ISLAND,WA,WHATCOM,SE
98635,"LYLE, WA",LYLE,WA,KLICKITAT,OY
98263,"LYMAN, WA",LYMAN,WA,SKAGIT,SE
98264,"LYNDEN, WA",LYNDEN,WA,WHATCOM,SE
98036,"LYNNWOOD, WA",LYNNWOOD,WA,SNOHOMISH,SE
98037,"LYNNWOOD, WA",LYNNWOOD,WA,SNOHOMISH,SE
98046,"LYNNWOOD, WA",LYNNWOOD,WA,SNOHOMISH,SE
98087,"LYNNWOOD, WA",LYNNWOOD,WA,SNOHOMISH,SE
98935,"MABTON, WA",MABTON,WA,YAKIMA,OY
98828,"MALAGA, WA",MALAGA,WA,CHELAN,SP
99149,"MALDEN, WA",MALDEN,WA,WHITMAN,SP
99150,"MALO, WA",MALO,WA,FERRY,SP
98559,"MALONE, WA",MALONE,WA,GRAYS HARBOR,OY
98829,"MALOTT, WA",MALOTT,WA,OKANOGAN,OY
98353,"MANCHESTER, WA",MANCHESTER,WA,KITSAP,OY
98830,"MANSFIELD, WA",MANSFIELD,WA,DOUGLAS,SP
98831,"MANSON, WA",MANSON,WA,CHELAN,SP
98266,"MAPLE FALLS, WA",MAPLE FALLS,WA,WHATCOM,SE
98038,"MAPLE VALLEY, WA",MAPLE VALLEY,WA,KING,SE
98267,"MARBLEMOUNT, WA",MARBLEMOUNT,WA,SKAGIT,SE
99151,"MARCUS, WA",MARCUS,WA,STEVENS,SP
98832,"MARLIN, WA",MARLIN,WA,GRANT,SP
99020,"MARSHALL, WA",MARSHALL,WA,SPOKANE,SP
98270,"MARYSVILLE, WA",MARYSVILLE,WA,SNOHOMISH,SE
98271,"MARYSVILLE, WA",MARYSVILLE,WA,SNOHOMISH,SE
98560,"MATLOCK, WA",MATLOCK,WA,MASON,OY
99349,"MATTAWA, WA",MATTAWA,WA,GRANT,SP
98833,"MAZAMA, WA",MAZAMA,WA,OKANOGAN,OY
98438,"MCCHORD AFB, WA",MCCHORD AFB,WA,PIERCE,KG
98557,"MCCLEARY, WA",MCCLEARY,WA,GRAYS HARBOR,OY
98558,"MCKENNA, WA",MCKENNA,WA,PIERCE,KG
99021,"MEAD, WA",MEAD,WA,SPOKANE,SP
99022,"MEDICAL LAKE, WA",MEDICAL LAKE,WA,SPOKANE,SP
98039,"MEDINA, WA",MEDINA,WA,KING,SE
98561,"MENLO, WA",MENLO,WA,PACIFIC,OY
98040,"MERCER ISLAND, WA",MERCER ISLAND,WA,KING,SE
99343,"MESA, WA",MESA,WA,FRANKLIN,OY
99152,"METALINE, WA",METALINE,WA,PEND OREILLE,SP
99153,"METALINE FALLS, WA",METALINE FALLS,WA,PEND OREILLE,SP
98834,"METHOW, WA",METHOW,WA,OKANOGAN,OY
99023,"MICA, WA",MICA,WA,SPOKANE,SP
98082,"MILL CREEK, WA",MILL CREEK,WA,SNOHOMISH,SE
98354,"MILTON, WA",MILTON,WA,PIERCE,KG
98355,"MINERAL, WA",MINERAL,WA,LEWIS,OY
98562,"MOCLIPS, WA",MOCLIPS,WA,GRAYS HARBOR,OY
99154,"MOHLER, WA",MOHLER,WA,LINCOLN,SP
98836,"MONITOR, WA",MONITOR,WA,CHELAN,SP
98272,"MONROE, WA",MONROE,WA,SNOHOMISH,SE
98563,"MONTESANO, WA",MONTESANO,WA,GRAYS HARBOR,OY
98356,"MORTON, WA",MORTON,WA,LEWIS,OY
98837,"MOSES LAKE, WA",MOSES LAKE,WA,GRANT,SP
98564,"MOSSYROCK, WA",MOSSYROCK,WA,LEWIS,OY
98273,"MOUNT VERNON, WA",MOUNT VERNON,WA,SKAGIT,SE
98274,"MOUNT VERNON, WA",MOUNT VERNON,WA,SKAGIT,SE
98043,"MOUNTLAKE TERRACE, WA",MOUNTLAKE TERRACE,WA,SNOHOMISH,SE
98936,"MOXEE, WA",MOXEE,WA,YAKIMA,OY
98275,"MUKILTEO, WA",MUKILTEO,WA,SNOHOMISH,SE
98937,"NACHES, WA",NACHES,WA,YAKIMA,OY
98637,"NAHCOTTA, WA",NAHCOTTA,WA,PACIFIC,OY
98565,"NAPAVINE, WA",NAPAVINE,WA,LEWIS,OY
98638,"NASELLE, WA",NASELLE,WA,PACIFIC,OY
98357,"NEAH BAY, WA",NEAH BAY,WA,CLALLAM,OY
98566,"NEILTON, WA",NEILTON,WA,GRAYS HARBOR,OY
99155,"NESPELEM, WA",NESPELEM,WA,OKANOGAN,OY
99025,"NEWMAN LAKE, WA",NEWMAN LAKE,WA,SPOKANE,SP
99156,"NEWPORT, WA",NEWPORT,WA,PEND OREILLE,SP
99026,"NINE MILE FALLS, WA",NINE MILE FALLS,WA,SPOKANE,SP
98276,"NOOKSACK, WA",NOOKSACK,WA,WHATCOM,SE
98358,"NORDLAND, WA",NORDLAND,WA,JEFFERSON,OY
98045,"NORTH BEND, WA",NORTH BEND,WA,KING,SE
98639,"NORTH BONNEVILLE, WA",NORTH BONNEVILLE,WA,SKAMANIA,OY
98259,"NORTH LAKEWOOD, WA",NORTH LAKEWOOD,WA,SNOHOMISH,SE
99157,"NORTHPORT, WA",NORTHPORT,WA,STEVENS,SP
98277,"OAK HARBOR, WA",OAK HARBOR,WA,ISLAND,SE
98278,"OAK HARBOR, WA",OAK HARBOR,WA,ISLAND,SE
99158,"OAKESDALE, WA",OAKESDALE,WA,WHITMAN,SP
98568,"OAKVILLE, WA",OAKVILLE,WA,GRAYS HARBOR,OY
98640,"OCEAN PARK, WA",OCEAN PARK,WA,PACIFIC,OY
98569,"OCEAN SHORES, WA",OCEAN SHORES,WA,GRAYS HARBOR,OY
99159,"ODESSA, WA",ODESSA,WA,LINCOLN,SP
98840,"OKANOGAN, WA",OKANOGAN,WA,OKANOGAN,OY
98359,"OLALLA, WA",OLALLA,WA,KITSAP,OY
98279,"OLGA, WA",OLGA,WA,SAN JUAN,SE
98501,"OLYMPIA, WA",OLYMPIA,WA,THURSTON,OY
98502,"OLYMPIA, WA",OLYMPIA,WA,THURSTON,OY
98504,"OLYMPIA, WA",OLYMPIA,WA,THURSTON,OY
98505,"OLYMPIA, WA",OLYMPIA,WA,THURSTON,OY
98506,"OLYMPIA, WA",OLYMPIA,WA,THURSTON,OY
98507,"OLYMPIA, WA",OLYMPIA,WA,THURSTON,OY
98508,"OLYMPIA, WA",OLYMPIA,WA,THURSTON,OY
98512,"OLYMPIA, WA",OLYMPIA,WA,THURSTON,OY
98513,"OLYMPIA, WA",OLYMPIA,WA,THURSTON,OY
98516,"OLYMPIA, WA",OLYMPIA,WA,THURSTON,OY
98599,"OLYMPIA, WA",OLYMPIA,WA,THURSTON,OY
98841,"OMAK, WA",OMAK,WA,OKANOGAN,OY
98570,"ONALASKA, WA",ONALASKA,WA,LEWIS,OY
98280,"ORCAS, WA",ORCAS,WA,SAN JUAN,SE
99160,"ORIENT, WA",ORIENT,WA,FERRY,SP
98843,"ORONDO, WA",ORONDO,WA,DOUGLAS,SP
98844,"OROVILLE, WA",OROVILLE,WA,OKANOGAN,OY
98360,"ORTING, WA",ORTING,WA,PIERCE,KG
99344,"OTHELLO, WA",OTHELLO,WA,ADAMS,SP
99027,"OTIS ORCHARDS, WA",OTIS ORCHARDS,WA,SPOKANE,SP
98938,"OUTLOOK, WA",OUTLOOK,WA,YAKIMA,OY
98641,"OYSTERVILLE, WA",OYSTERVILLE,WA,PACIFIC,OY
98047,"PACIFIC, WA",PACIFIC,WA,KING,SE
98571,"PACIFIC BEACH, WA",PACIFIC BEACH,WA,GRAYS HARBOR,OY
98361,"PACKWOOD, WA",PACKWOOD,WA,LEWIS,OY
98845,"PALISADES, WA",PALISADES,WA,DOUGLAS,SP
99161,"PALOUSE, WA",PALOUSE,WA,WHITMAN,SP
98398,"PARADISE INN, WA",PARADISE INN,WA,PIERCE,KG
98939,"PARKER, WA",PARKER,WA,YAKIMA,OY
99301,"PASCO, WA",PASCO,WA,FRANKLIN,OY
99302,"PASCO, WA",PASCO,WA,FRANKLIN,OY
98846,"PATEROS, WA",PATEROS,WA,OKANOGAN,OY
99345,"PATERSON, WA",PATERSON,WA,BENTON,OY
98572,"PE ELL, WA",PE ELL,WA,LEWIS,OY
98847,"PESHASTIN, WA",PESHASTIN,WA,CHELAN,SP
99346,"PLYMOUTH, WA",PLYMOUTH,WA,BENTON,OY
98281,"POINT ROBERTS, WA",POINT ROBERTS,WA,WHATCOM,SE
99347,"POMEROY, WA",POMEROY,WA,GARFIELD,SP
98362,"PORT ANGELES, WA",PORT ANGELES,WA,CLALLAM,OY
98363,"PORT ANGELES, WA",PORT ANGELES,WA,CLALLAM,OY
98364,"PORT GAMBLE, WA",PORT GAMBLE,WA,KITSAP,OY
98339,"PORT HADLOCK, WA",PORT HADLOCK,WA,JEFFERSON,OY
98365,"PORT LUDLOW, WA",PORT LUDLOW,WA,JEFFERSON,OY
98366,"PORT ORCHARD, WA",PORT ORCHARD,WA,KITSAP,OY
98367,"PORT ORCHARD, WA",PORT ORCHARD,WA,KITSAP,OY
98368,"PORT TOWNSEND, WA",PORT TOWNSEND,WA,JEFFERSON,OY
98370,"POULSBO, WA",POULSBO,WA,KITSAP,OY
99348,"PRESCOTT, WA",PRESCOTT,WA,WALLA WALLA,SP
98050,"PRESTON, WA",PRESTON,WA,KING,SE
99350,"PROSSER, WA",PROSSER,WA,BENTON,OY
99163,"PULLMAN, WA",PULLMAN,WA,WHITMAN,SP
99164,"PULLMAN, WA",PULLMAN,WA,WHITMAN,SP
98371,"PUYALLUP, WA",PUYALLUP,WA,PIERCE,KG
98372,"PUYALLUP, WA",PUYALLUP,WA,PIERCE,KG
98373,"PUYALLUP, WA",PUYALLUP,WA,PIERCE,KG
98374,"PUYALLUP, WA",PUYALLUP,WA,PIERCE,KG
98375,"PUYALLUP, WA",PUYALLUP,WA,PIERCE,KG
98376,"QUILCENE, WA",QUILCENE,WA,JEFFERSON,OY
98575,"QUINAULT, WA",QUINAULT,WA,GRAYS HARBOR,OY
98848,"QUINCY, WA",QUINCY,WA,GRANT,SP
98576,"RAINIER, WA",RAINIER,WA,THURSTON,OY
98377,"RANDLE, WA",RANDLE,WA,LEWIS,OY
98051,"RAVENSDALE, WA",RAVENSDALE,WA,KING,SE
98577,"RAYMOND, WA",RAYMOND,WA,PACIFIC,OY
99029,"REARDAN, WA",REARDAN,WA,LINCOLN,SP
98052,"REDMOND, WA",REDMOND,WA,KING,SE
98053,"REDMOND, WA",REDMOND,WA,KING,SE
98073,"REDMOND, WA",REDMOND,WA,KING,SE
98055,"RENTON, WA",RENTON,WA,KING,SE
98056,"RENTON, WA",RENTON,WA,KING,SE
98057,"RENTON, WA",RENTON,WA,KING,SE
98058,"RENTON, WA",RENTON,WA,KING,SE
98059,"RENTON, WA",RENTON,WA,KING,SE
99166,"REPUBLIC, WA",REPUBLIC,WA,FERRY,SP
99167,"RICE, WA",RICE,WA,STEVENS,SP
99352,"RICHLAND, WA",RICHLAND,WA,BENTON,OY
99354,"RICHLAND, WA",RICHLAND,WA,BENTON,OY
98642,"RIDGEFIELD, WA",RIDGEFIELD,WA,CLARK,OY
99169,"RITZVILLE, WA",RITZVILLE,WA,ADAMS,SP
98849,"RIVERSIDE, WA",RIVERSIDE,WA,OKANOGAN,OY
98579,"ROCHESTER, WA",ROCHESTER,WA,THURSTON,OY
98850,"ROCK ISLAND, WA",ROCK ISLAND,WA,DOUGLAS,SP
99030,"ROCKFORD, WA",ROCKFORD,WA,SPOKANE,SP
98283,"ROCKPORT, WA",ROCKPORT,WA,SKAGIT,SE
98061,"ROLLINGBAY, WA",ROLLINGBAY,WA,KITSAP,OY
98940,"RONALD, WA",RONALD,WA,KITTITAS,SP
99356,"ROOSEVELT, WA",ROOSEVELT,WA,KLICKITAT,OY
99170,"ROSALIA, WA",ROSALIA,WA,WHITMAN,SP
98643,"ROSBURG, WA",ROSBURG,WA,WAHKIAKUM,OY
98941,"ROSLYN, WA",ROSLYN,WA,KITTITAS,SP
98580,"ROY, WA",ROY,WA,PIERCE,KG
99357,"ROYAL CITY, WA",ROYAL CITY,WA,GRANT,SP
99171,"SAINT JOHN, WA",SAINT JOHN,WA,WHITMAN,SP
98582,"SALKUM, WA",SALKUM,WA,LEWIS,OY
98074,"SAMMAMISH, WA",SAMMAMISH,WA,KING,SE
98075,"SAMMAMISH, WA",SAMMAMISH,WA,KING,SE
98583,"SATSOP, WA",SATSOP,WA,GRAYS HARBOR,OY
98380,"SEABECK, WA",SEABECK,WA,KITSAP,OY
98062,"SEAHURST, WA",SEAHURST,WA,KING,SE
98101,"SEATTLE, WA",SEATTLE,WA,KING,SE
98102,"SEATTLE, WA",SEATTLE,WA,KING,SE
98103,"SEATTLE, WA",SEATTLE,WA,KING,SE
98104,"SEATTLE, WA",SEATTLE,WA,KING,SE
98105,"SEATTLE, WA",SEATTLE,WA,KING,SE
98106,"SEATTLE, WA",SEATTLE,WA,KING,SE
98107,"SEATTLE, WA",SEATTLE,WA,KING,SE
98108,"SEATTLE, WA",SEATTLE,WA,KING,SE
98109,"SEATTLE, WA",SEATTLE,WA,KING,SE
98111,"SEATTLE, WA",SEATTLE,WA,KING,SE
98112,"SEATTLE, WA",SEATTLE,WA,KING,SE
98113,"SEATTLE, WA",SEATTLE,WA,KING,SE
98114,"SEATTLE, WA",SEATTLE,WA,KING,SE
98115,"SEATTLE, WA",SEATTLE,WA,KING,SE
98116,"SEATTLE, WA",SEATTLE,WA,KING,SE
98117,"SEATTLE, WA",SEATTLE,WA,KING,SE
98118,"SEATTLE, WA",SEATTLE,WA,KING,SE
98119,"SEATTLE, WA",SEATTLE,WA,KING,SE
98121,"SEATTLE, WA",SEATTLE,WA,KING,SE
98122,"SEATTLE, WA",SEATTLE,WA,KING,SE
98124,"SEATTLE, WA",SEATTLE,WA,KING,SE
98125,"SEATTLE, WA",SEATTLE,WA,KING,SE
98126,"SEATTLE, WA",SEATTLE,WA,KING,SE
98127,"SEATTLE, WA",SEATTLE,WA,KING,SE
98129,"SEATTLE, WA",SEATTLE,WA,KING,SE
98132,"SEATTLE, WA",SEATTLE,WA,KING,SE
98133,"SEATTLE, WA",SEATTLE,WA,KING,SE
98134,"SEATTLE, WA",SEATTLE,WA,KING,SE
98136,"SEATTLE, WA",SEATTLE,WA,KING,SE
98138,"SEATTLE, WA",SEATTLE,WA,KING,SE
98139,"SEATTLE, WA",SEATTLE,WA,KING,SE
98144,"SEATTLE, WA",SEATTLE,WA,KING,SE
98145,"SEATTLE, WA",SEATTLE,WA,KING,SE
98146,"SEATTLE, WA",SEATTLE,WA,KING,SE
98148,"SEATTLE, WA",SEATTLE,WA,KING,SE
98154,"SEATTLE, WA",SEATTLE,WA,KING,SE
98155,"SEATTLE, WA",SEATTLE,WA,KING,SE
98158,"SEATTLE, WA",SEATTLE,WA,KING,SE
98160,"SEATTLE, WA",SEATTLE,WA,KING,SE
98161,"SEATTLE, WA",SEATTLE,WA,KING,SE
98164,"SEATTLE, WA",SEATTLE,WA,KING,SE
98165,"SEATTLE, WA",SEATTLE,WA,KING,SE
98166,"SEATTLE, WA",SEATTLE,WA,KING,SE
98168,"SEATTLE, WA",SEATTLE,WA,KING,SE
98174,"SEATTLE, WA",SEATTLE,WA,KING,SE
98175,"SEATTLE, WA",SEATTLE,WA,KING,SE
98177,"SEATTLE, WA",SEATTLE,WA,KING,SE
98178,"SEATTLE, WA",SEATTLE,WA,KING,SE
98181,"SEATTLE, WA",SEATTLE,WA,KING,SE
98188,"SEATTLE, WA",SEATTLE,WA,KING,SE
98191,"SEATTLE, WA",SEATTLE,WA,KING,SE
98194,"SEATTLE, WA",SEATTLE,WA,KING,SE
98195,"SEATTLE, WA",SEATTLE,WA,KING,SE
98198,"SEATTLE, WA",SEATTLE,WA,KING,SE
98199,"SEATTLE, WA",SEATTLE,WA,KING,SE
98644,"SEAVIEW, WA",SEAVIEW,WA,PACIFIC,OY
98284,"SEDRO WOOLLEY, WA",SEDRO WOOLLEY,WA,SKAGIT,SE
98381,"SEKIU, WA",SEKIU,WA,CLALLAM,OY
98942,"SELAH, WA",SELAH,WA,YAKIMA,OY
98382,"SEQUIM, WA",SEQUIM,WA,CLALLAM,OY
98286,"SHAW ISLAND, WA",SHAW ISLAND,WA,SAN JUAN,SE
98584,"SHELTON, WA",SHELTON,WA,MASON,OY
98287,"SILVANA, WA",SILVANA,WA,SNOHOMISH,SE
98585,"SILVER CREEK, WA",SILVER CREEK,WA,LEWIS,OY
98315,"SILVERDALE, WA",SILVERDALE,WA,KITSAP,OY
98383,"SILVERDALE, WA",SILVERDALE,WA,KITSAP,OY
98645,"SILVERLAKE, WA",SILVERLAKE,WA,COWLITZ,OY
98647,"SKAMOKAWA, WA",SKAMOKAWA,WA,WAHKIAKUM,OY
98288,"SKYKOMISH, WA",SKYKOMISH,WA,KING,SE
98290,"SNOHOMISH, WA",SNOHOMISH,WA,SNOHOMISH,SE
98291,"SNOHOMISH, WA",SNOHOMISH,WA,SNOHOMISH,SE
98296,"SNOHOMISH, WA",SNOHOMISH,WA,SNOHOMISH,SE
98065,"SNOQUALMIE, WA",SNOQUALMIE,WA,KING,SE
98068,"SNOQUALMIE PASS, WA",SNOQUALMIE PASS,WA,KITTITAS,SP
98851,"SOAP LAKE, WA",SOAP LAKE,WA,GRANT,SP
98586,"SOUTH BEND, WA",SOUTH BEND,WA,PACIFIC,OY
98943,"SOUTH CLE ELUM, WA",SOUTH CLE ELUM,WA,KITTITAS,SP
98384,"SOUTH COLBY, WA",SOUTH COLBY,WA,KITSAP,OY
98385,"SOUTH PRAIRIE, WA",SOUTH PRAIRIE,WA,PIERCE,KG
98386,"SOUTHWORTH, WA",SOUTHWORTH,WA,KITSAP,OY
98387,"SPANAWAY, WA",SPANAWAY,WA,PIERCE,KG
99031,"SPANGLE, WA",SPANGLE,WA,SPOKANE,SP
99201,"SPOKANE, WA",SPOKANE,WA,SPOKANE,SP
99202,"SPOKANE, WA",SPOKANE,WA,SPOKANE,SP
99203,"SPOKANE, WA",SPOKANE,WA,SPOKANE,SP
99204,"SPOKANE, WA",SPOKANE,WA,SPOKANE,SP
99205,"SPOKANE, WA",SPOKANE,WA,SPOKANE,SP
99206,"SPOKANE, WA",SPOKANE,WA,SPOKANE,SP
99207,"SPOKANE, WA",SPOKANE,WA,SPOKANE,SP
99208,"SPOKANE, WA",SPOKANE,WA,SPOKANE,SP
99209,"SPOKANE, WA",SPOKANE,WA,SPOKANE,SP
99210,"SPOKANE, WA",SPOKANE,WA,SPOKANE,SP
99211,"SPOKANE, WA",SPOKANE,WA,SPOKANE,SP
99212,"SPOKANE, WA",SPOKANE,WA,SPOKANE,SP
99213,"SPOKANE, WA",SPOKANE,WA,SPOKANE,SP
99214,"SPOKANE, WA",SPOKANE,WA,SPOKANE,SP
99216,"SPOKANE, WA",SPOKANE,WA,SPOKANE,SP
99217,"SPOKANE, WA",SPOKANE,WA,SPOKANE,SP
99218,"SPOKANE, WA",SPOKANE,WA,SPOKANE,SP
99219,"SPOKANE, WA",SPOKANE,WA,SPOKANE,SP
99220,"SPOKANE, WA",SPOKANE,WA,SPOKANE,SP
99223,"SPOKANE, WA",SPOKANE,WA,SPOKANE,SP
99224,"SPOKANE, WA",SPOKANE,WA,SPOKANE,SP
99228,"SPOKANE, WA",SPOKANE,WA,SPOKANE,SP
99251,"SPOKANE, WA",SPOKANE,WA,SPOKANE,SP
99252,"SPOKANE, WA",SPOKANE,WA,SPOKANE,SP
99258,"SPOKANE, WA",SPOKANE,WA,SPOKANE,SP
99260,"SPOKANE, WA",SPOKANE,WA,SPOKANE,SP
99032,"SPRAGUE, WA",SPRAGUE,WA,LINCOLN,SP
99173,"SPRINGDALE, WA",SPRINGDALE,WA,STEVENS,SP
98292,"STANWOOD, WA",STANWOOD,WA,SNOHOMISH,SE
99359,"STARBUCK, WA",STARBUCK,WA,COLUMBIA,OY
98293,"STARTUP, WA",STARTUP,WA,SNOHOMISH,SE
98852,"STEHEKIN, WA",STEHEKIN,WA,CHELAN,SP
98388,"STEILACOOM, WA",STEILACOOM,WA,PIERCE,KG
99174,"STEPTOE, WA",STEPTOE,WA,WHITMAN,SP
98648,"STEVENSON, WA",STEVENSON,WA,SKAMANIA,OY
98853,"STRATFORD, WA",STRATFORD,WA,GRANT,SP
98294,"SULTAN, WA",SULTAN,WA,SNOHOMISH,SE
98295,"SUMAS, WA",SUMAS,WA,WHATCOM,SE
98352,"SUMNER, WA",SUMNER,WA,PIERCE,KG
98390,"SUMNER, WA",SUMNER,WA,PIERCE,KG
98944,"SUNNYSIDE, WA",SUNNYSIDE,WA,YAKIMA,OY
98392,"SUQUAMISH, WA",SUQUAMISH,WA,KITSAP,OY
98401,"TACOMA, WA",TACOMA,WA,PIERCE,KG
98402,"TACOMA, WA",TACOMA,WA,PIERCE,KG
98403,"TACOMA, WA",TACOMA,WA,PIERCE,KG
98404,"TACOMA, WA",TACOMA,WA,PIERCE,KG
98405,"TACOMA, WA",TACOMA,WA,PIERCE,KG
98406,"TACOMA, WA",TACOMA,WA,PIERCE,KG
98407,"TACOMA, WA",TACOMA,WA,PIERCE,KG
98408,"TACOMA, WA",TACOMA,WA,PIERCE,KG
98409,"TACOMA, WA",TACOMA,WA,PIERCE,KG
98411,"TACOMA, WA",TACOMA,WA,PIERCE,KG
98413,"TACOMA, WA",TACOMA,WA,PIERCE,KG
98415,"TACOMA, WA",TACOMA,WA,PIERCE,KG
98416,"TACOMA, WA",TACOMA,WA,PIERCE,KG
98417,"TACOMA, WA",TACOMA,WA,PIERCE,KG
98418,"TACOMA, WA",TACOMA,WA,PIERCE,KG
98419,"TACOMA, WA",TACOMA,WA,PIERCE,KG
98421,"TACOMA, WA",TACOMA,WA,PIERCE,KG
98422,"TACOMA, WA",TACOMA,WA,PIERCE,KG
98424,"TACOMA, WA",TACOMA,WA,PIERCE,KG
98431,"TACOMA, WA",TACOMA,WA,PIERCE,KG
98433,"TACOMA, WA",TACOMA,WA,PIERCE,KG
98443,"TACOMA, WA",TACOMA,WA,PIERCE,KG
98444,"TACOMA, WA",TACOMA,WA,PIERCE,KG
98445,"TACOMA, WA",TACOMA,WA,PIERCE,KG
98446,"TACOMA, WA",TACOMA,WA,PIERCE,KG
98447,"TACOMA, WA",TACOMA,WA,PIERCE,KG
98448,"TACOMA, WA",TACOMA,WA,PIERCE,KG
98464,"TACOMA, WA",TACOMA,WA,PIERCE,KG
98465,"TACOMA, WA",TACOMA,WA,PIERCE,KG
98466,"TACOMA, WA",TACOMA,WA,PIERCE,KG
98490,"TACOMA, WA",TACOMA,WA,PIERCE,KG
98493,"TACOMA, WA",TACOMA,WA,PIERCE,KG
98587,"TAHOLAH, WA",TAHOLAH,WA,GRAYS HARBOR,OY
98588,"TAHUYA, WA",TAHUYA,WA,MASON,OY
99033,"TEKOA, WA",TEKOA,WA,WHITMAN,SP
98589,"TENINO, WA",TENINO,WA,THURSTON,OY
99176,"THORNTON, WA",THORNTON,WA,WHITMAN,SP
98946,"THORP, WA",THORP,WA,KITTITAS,SP
98947,"TIETON, WA",TIETON,WA,YAKIMA,OY
98590,"TOKELAND, WA",TOKELAND,WA,PACIFIC,OY
98591,"TOLEDO, WA",TOLEDO,WA,LEWIS,OY
98855,"TONASKET, WA",TONASKET,WA,OKANOGAN,OY
98948,"TOPPENISH, WA",TOPPENISH,WA,YAKIMA,OY
99360,"TOUCHET, WA",TOUCHET,WA,WALLA WALLA,SP
98649,"TOUTLE, WA",TOUTLE,WA,COWLITZ,OY
98393,"TRACYTON, WA",TRACYTON,WA,KITSAP,OY
98650,"TROUT LAKE, WA",TROUT LAKE,WA,KLICKITAT,OY
99034,"TUMTUM, WA",TUMTUM,WA,STEVENS,SP
98511,"TUMWATER, WA",TUMWATER,WA,THURSTON,OY
98856,"TWISP, WA",TWISP,WA,OKANOGAN,OY
98651,"UNDERWOOD, WA",UNDERWOOD,WA,SKAMANIA,OY
98592,"UNION, WA",UNION,WA,MASON,OY
99179,"UNIONTOWN, WA",UNIONTOWN,WA,WHITMAN,SP
98467,"UNIVERSITY PLACE, WA",UNIVERSITY PLACE,WA,PIERCE,KG
99180,"USK, WA",USK,WA,PEND OREILLE,SP
98593,"VADER, WA",VADER,WA,LEWIS,OY
99181,"VALLEY, WA",VALLEY,WA,STEVENS,SP
99036,"VALLEYFORD, WA",VALLEYFORD,WA,SPOKANE,SP
98660,"VANCOUVER, WA",VANCOUVER,WA,CLARK,OY
98661,"VANCOUVER, WA",VANCOUVER,WA,CLARK,OY
98662,"VANCOUVER, WA",VANCOUVER,WA,CLARK,OY
98663,"VANCOUVER, WA",VANCOUVER,WA,CLARK,OY
98664,"VANCOUVER, WA",VANCOUVER,WA,CLARK,OY
98665,"VANCOUVER, WA",VANCOUVER,WA,CLARK,OY
98666,"VANCOUVER, WA",VANCOUVER,WA,CLARK,OY
98668,"VANCOUVER, WA",VANCOUVER,WA,CLARK,OY
98682,"VANCOUVER, WA",VANCOUVER,WA,CLARK,OY
98683,"VANCOUVER, WA",VANCOUVER,WA,CLARK,OY
98684,"VANCOUVER, WA",VANCOUVER,WA,CLARK,OY
98685,"VANCOUVER, WA",VANCOUVER,WA,CLARK,OY
98686,"VANCOUVER, WA",VANCOUVER,WA,CLARK,OY
98687,"VANCOUVER, WA",VANCOUVER,WA,CLARK,OY
98950,"VANTAGE, WA",VANTAGE,WA,KITTITAS,SP
98070,"VASHON, WA",VASHON,WA,KING,SE
98394,"VAUGHN, WA",VAUGHN,WA,PIERCE,KG
99037,"VERADALE, WA",VERADALE,WA,SPOKANE,SP
98670,"WAHKIACUS, WA",WAHKIACUS,WA,KLICKITAT,OY
98297,"Waldron, WA",WALDRON,wa,SAN JUAN,SE
99361,"WAITSBURG, WA",WAITSBURG,WA,WALLA WALLA,SP
99362,"WALLA WALLA, WA",WALLA WALLA,WA,WALLA WALLA,SP
99363,"WALLULA, WA",WALLULA,WA,WALLA WALLA,SP
98951,"WAPATO, WA",WAPATO,WA,YAKIMA,OY
98857,"WARDEN, WA",WARDEN,WA,GRANT,SP
98671,"WASHOUGAL, WA",WASHOUGAL,WA,CLARK,OY
99371,"WASHTUCNA, WA",WASHTUCNA,WA,ADAMS,SP
98858,"WATERVILLE, WA",WATERVILLE,WA,DOUGLAS,SP
98859,"WAUCONDA, WA",WAUCONDA,WA,OKANOGAN,OY
98395,"WAUNA, WA",WAUNA,WA,PIERCE,KG
99039,"WAVERLY, WA",WAVERLY,WA,SPOKANE,SP
99040,"WELLPINIT, WA",WELLPINIT,WA,STEVENS,SP
98801,"WENATCHEE, WA",WENATCHEE,WA,CHELAN,SP
98807,"WENATCHEE, WA",WENATCHEE,WA,CHELAN,SP
99353,"WEST RICHLAND, WA",WEST RICHLAND,WA,BENTON,OY
98595,"WESTPORT, WA",WESTPORT,WA,GRAYS HARBOR,OY
98672,"WHITE SALMON, WA",WHITE SALMON,WA,KLICKITAT,OY
98952,"WHITE SWAN, WA",WHITE SWAN,WA,YAKIMA,OY
99185,"WILBUR, WA",WILBUR,WA,LINCOLN,SP
98396,"WILKESON, WA",WILKESON,WA,PIERCE,KG
98860,"WILSON CREEK, WA",WILSON CREEK,WA,GRANT,SP
98596,"WINLOCK, WA",WINLOCK,WA,LEWIS,OY
98862,"WINTHROP, WA",WINTHROP,WA,OKANOGAN,OY
98673,"WISHRAM, WA",WISHRAM,WA,KLICKITAT,OY
98072,"WOODINVILLE, WA",WOODINVILLE,WA,KING,SE
98077,"WOODINVILLE, WA",WOODINVILLE,WA,KING,SE
98674,"WOODLAND, WA",WOODLAND,WA,COWLITZ,OY
98675,"YACOLT, WA",YACOLT,WA,CLARK,OY
98901,"YAKIMA, WA",YAKIMA,WA,YAKIMA,OY
98902,"YAKIMA, WA",YAKIMA,WA,YAKIMA,OY
98903,"YAKIMA, WA",YAKIMA,WA,YAKIMA,OY
98907,"YAKIMA, WA",YAKIMA,WA,YAKIMA,OY
98908,"YAKIMA, WA",YAKIMA,WA,YAKIMA,OY
98909,"YAKIMA, WA",YAKIMA,WA,YAKIMA,OY
98597,"YELM, WA",YELM,WA,THURSTON,OY
98953,"ZILLAH, WA",ZILLAH,WA,YAKIMA,OY
